{
  "0":{
    "office_id":104,
    "distance":0.2817047234
  },
  "1":{
    "office_id":123,
    "distance":0.3067394732
  },
  "2":{
    "office_id":122,
    "distance":0.3170902656
  },
  "3":{
    "office_id":135,
    "distance":0.3362382979
  },
  "4":{
    "office_id":130,
    "distance":0.337206423
  },
  "5":{
    "office_id":126,
    "distance":0.4084285516
  },
  "6":{
    "office_id":95,
    "distance":0.4297543614
  },
  "7":{
    "office_id":110,
    "distance":0.4576113399
  },
  "8":{
    "office_id":111,
    "distance":0.5337612206
  },
  "9":{
    "office_id":134,
    "distance":0.5852047211
  }
}